Tên,Googlemap,Link ảnh,Tọa độ,Đánh giá,Số lượng đánh giá,Địa chỉ
Gánh Đậu Hũ Chùa Thiên Mụ (Cô Kim Oanh),https://maps.app.goo.gl/foEksbxFbx4bJKxS9,https://nhahangcontoc.com/wp-content/uploads/2023/04/dau-hu1-e1680337686367.jpg,"16.453857,107.5394534","4,7",10,"54, Đường Văn Thánh, Nguyễn Phúc Nguyên, Hương Hồ, Hương Trà, Thừa Thiên Huế"
Bánh ép Gia Di Huế,https://maps.app.goo.gl/sKa9CYBVCynR932x6,https://thanhphohue.net/wp-content/uploads/2023/12/banh_ep_hue_08.jpg,"16.4579408,107.5732691","4,6",1273,"4 Phùng Chí Kiên, Xuân Phú, Thành phố Huế, Thừa Thiên Huế"
Bánh Ép Cây Sứ,https://maps.app.goo.gl/Uji8LtuRdfv3gfeM6,https://ticotravel.com.vn/wp-content/uploads/2022/06/Banh-ep-hue-3-800x600.jpg,"16.477005,107.5413816","4,4",74,"31 kiet 103 Nhật Lệ, Thuận Thành, Thành phố Huế, Thừa Thiên Huế"
Bánh ép Huệ,https://maps.app.goo.gl/uaFyoK6SR828iE5e7,https://thanhphohue.net/wp-content/uploads/2023/12/banh_ep_hue_09.jpg,"16.4358781,107.5300518","4,5",468,"118 Lê Ng. Cát, Thủy Xuân, Thành phố Huế, Thừa Thiên Huế, Việt Nam"
Bánh Bèo Nậm Lọc Bà Đỏ,https://maps.app.goo.gl/2tsV6GPhuKdwf5Gh6,https://www.cotrang.org/public/images/tin_dang/2/120_nha-hang-ba-do-08-nguyen-binh-khiem-hue-bk-4.jpg,"16.4724821,107.5647986",4,1358,"8 Nguyễn Bỉnh Khiêm, Phú Hiệp, Thành phố Huế, Thừa Thiên Huế"
Quán bánh O Lé,https://maps.app.goo.gl/qfcsSnqaL5eP3ccE8,https://cdn.eva.vn/upload/3-2021/images/2021-09-15/1631691349-267-thumbnail-width640height480_schema_article.jpg,"16.4609607,107.5235581","4,7",451,"Kiệt 104, 17/9 Kim Long, Thành phố Huế, Thừa Thiên Huế"
Quán O SỚM Đặc sản Bánh Bèo - Bánh Nậm - Bánh Lọc,https://maps.app.goo.gl/yHdw7sj7zHBMSaWRA,https://phuot3mien.com/wp-content/uploads/2021/07/quan-banh-beo-chi-o-hue-4.jpg,"16.4670671,107.5701374","4,6",19,"18 Hải Triều, An Cựu, Thành phố Huế, Thừa Thiên Huế"
"Bánh Bèo, Nậm, Lọc mệ Kim",https://maps.app.goo.gl/VA1B9naDgyjP3Rtx9,https://dulichkhampha24.com/wp-content/uploads/2021/04/banh-loc-Hue-c.jpg,"16.4646004,107.5798826",4,5,"42 Lê Lợi, Phú Hội, Thành phố Huế, Thừa Thiên Huế"
Quán Bà Sửu,https://maps.app.goo.gl/4sqJeuiB34mVvFio9,https://media-cdn-v2.laodong.vn/storage/newsportal/2023/12/7/1276969/Banh-Uot-16.jpg,"16.3307121,107.7494048","4,2",1878,"8PJX+7QJ, Lộc Sơn, Phú Lộc, Thừa Thiên Huế"
Bánh ướt Huyền Anh,https://maps.app.goo.gl/6QHuAKDE3z4AcN5g7,https://www.vietfuntravel.com.vn/image/data/Blog/AmThuc/Banh-uot-thit-nuong-Kim-Long/Banh-uot-thit-nuong-Kim-Long-h2.jpg,"16.4583834,107.5602589","4,3",1321,"50 Kim Long, Thành phố Huế, Thừa Thiên Huế"
Bánh ướt tôm chua,https://maps.app.goo.gl/Wjx8XR5bHJywGZCSA,https://khamphahue.com.vn/Portals/0/Medias/Nam2020/T11/Khamphahue_Banh-uot-tom-chua_mon-ngon-duong-pho-Hue-3.jpg,"16.4566813,107.5922317","4,8",6,"101 Phan Đình Phùng, Vĩnh Ninh, Thành phố Huế, Thừa Thiên Huế"
DONALD TRUNG HUẾ,https://maps.app.goo.gl/CfJaoURk6deooEVb8,https://donaldtrung.net/wp-content/uploads/2021/05/186534275_771282083580249_142569257312288952_n.jpg,"16.4613952,107.604454","4,5",948,"28 Hoàng Văn Thụ, An Đông, Thành phố Huế, Thừa Thiên Huế"
Quán bún thịt nướng Huyền Anh Huế,https://maps.app.goo.gl/CpR74VhbnsYkpqgk7,https://mamruochue.com.vn/wp-content/uploads/2023/03/bun-thit-nuong-o-hue.jpg,"16.4582244,107.5586609","4,3",1321,"50 Kim Long, Thành phố Huế, Thừa Thiên Huế"
Quán thịt nướng Huế – Tài Phú,https://maps.app.goo.gl/HdZ4R4zGidrkqbLc8,https://dynamic-media-cdn.tripadvisor.com/media/photo-o/1b/8c/a8/86/our-order.jpg,"16.4579025,107.580714","3,9",467,"2 Điện Biên Phủ, Vĩnh Ninh, Thành phố Huế, Thừa Thiên Huế"
Quán Hạnh (Bún thịt nướng),https://maps.app.goo.gl/J6XKoFzc7tLiFeEr5,https://cdn.tgdd.vn/Files/2021/11/28/1401027/10-quan-bun-thit-nuong-ngon-nhat-tai-quan-4-duoc-nhieu-nguoi-yeu-thich-202111281926121324.jpg,"16.4634525,107.5909026","4,3",3121,"11-15 Đường Phó Đức Chính, Phú Hội, Thành phố Huế, Thừa Thiên Huế"
Bánh mì Đông Ba,https://maps.app.goo.gl/qnTV199qngkPAQ5y6,https://thanhphohue.net/wp-content/uploads/2023/10/banh_mi_dong_ba_hue_05.jpg,"16.4755115,107.5616267","4,8",9,"77 Đinh Tiên Hoàng, Thuận Thành, Thành phố Huế, Thừa Thiên Huế"
Bánh Mì Trường Tiền O Tho,https://maps.app.goo.gl/vHyStnB1kd9GSAmz7,https://thanhnien.mediacdn.vn/Uploaded/nhanlh/2022_10_11/img-0114-1634.jpg,"16.4654264,107.5871325","4,4",622,"14 Trần Cao Vân, Phú Hội, Thành phố Huế, Thừa Thiên Huế"
Bánh Mỳ Bé Na,https://maps.app.goo.gl/M918vEet74m2kuqP8,https://toplist.vn/images/800px/banh-my-be-na-1203094.jpg,"16.4569653,107.5880049","4,8",13,"6B Lý Thường Kiệt, Phú Nhuận, Thành phố Huế, Thừa Thiên Huế"
Chè Huế 20 món - Ngọc Hiền,https://maps.app.goo.gl/YiE1JDN6jpgYmkMi9,https://static.riviu.co/960/image/2020/09/01/770cc67b3c189bc87a4b45377bb13193_output.jpeg,"16.4692941,107.5859826","3,8",497,"67 Trần Hưng Đạo, Phú Hoà, Thành phố Huế, Thừa Thiên Huế"
Chè Mợ Tôn Đích,https://maps.app.goo.gl/uyoYy2U3puEppr9x6,https://khamphahue.com.vn/Portals/0/Medias/Nam2022/T9/Khamphahue_CheMoTonDich7.jpg,"16.4685229,107.5859097",4,868,"20 Đinh Tiên Hoàng, Phú Hoà, Thành phố Huế, Thừa Thiên Huế 49000"
Chè O Thảo (trước chợ Đông Ba),https://maps.app.goo.gl/m9UahnjfPYV9eSQp6,https://luhanhvietnam.com.vn/du-lich/vnt_upload/news/05_2019/NhYng_ganh_che_HuY_ngon_miYng_YYp_mYt_YYy_me_hoYc..jpg,"16.4726138,107.588103",3,23,"200 Trần Hưng Đạo, Phú Hoà, Thành phố Huế, Thừa Thiên Huế"
Bún mắm nêm O Bê,https://maps.app.goo.gl/vwj6EHan3iJYkRQG6,https://static.vinwonders.com/production/bun-mam-nem-hue-1.jpeg,"16.4735614,107.5882875","4,5",109,"1 Phan Đăng Lưu, Phú Hoà, Thành phố Huế, Thừa Thiên Huế"
Bún Mắm Nêm Bé Đen,https://maps.app.goo.gl/WcpaEn89wxYmKPSNA,https://ticotravel.com.vn/wp-content/uploads/2022/05/bun-mam-nem-hue-14.jpg,"16.4640989,107.5671574",4,9,"42 Bà Triệu, tổ 6, Thành phố Huế, Thừa Thiên Huế"
Bánh khoái Hồng Mai Huế,https://maps.app.goo.gl/SXtx7se8z8ip6udb8,https://dynamic-media-cdn.tripadvisor.com/media/photo-o/18/9d/81/0b/photo0jpg.jpg,"16.4747748,107.5780717","4,4",581,"110 Đinh Tiên Hoàng, Phú Hậu, Thành phố Huế, Thừa Thiên Huế 530000"
Bánh khoái cá kình Huế chợ Làng Chuồn,https://maps.app.goo.gl/PwUDwbasrc5JibcT8,https://nld.mediacdn.vn/2020/3/5/11-anh-phu-15834134776172002057399.jpg,"16.5079375,107.5975605","4,4",221,"Phú An, Phú Vang, Thừa Thiên Huế"
Bánh khoái Thu Sương,https://maps.app.goo.gl/FaabZE5WZRV2cx4g6,https://khamphahue.com.vn/Portals/0/ThiTNT/TongHop_6QuanBanhKhoaiHue/Khamphahue_banh-khoai_hue.jpg,"16.458516,107.5616983","4,3",44,"84 Kim Long, Thành phố Huế, Thừa Thiên Huế"
Nem Lụi Bà Tý,https://maps.app.goo.gl/xCPQiFXDEV7SYHjn7,https://myinhue.org/wp-content/uploads/2023/12/04-Quan-nem-lui-ba-Ty-4-min.jpg,"16.4799791,107.5473332","4,2",185,"81 Đào Duy Từ, tổ 1, Thành phố Huế, Thừa Thiên Huế"
Quán Hạnh,https://maps.app.goo.gl/qfKJu2AEA2MEjcjZ8,https://khamphahue.com.vn/Portals/0/Restaurant/BanhKhoai_Hanh/Khamphahue_BanhKhoaiHanh_Hue11.jpg,"16.4791561,107.5715375","4,3",3121,"11-15 Đường Phó Đức Chính, Phú Hội, Thành phố Huế, Thừa Thiên Huế"
Cơm Hến Phương Loan,https://maps.app.goo.gl/XcZUSPvgoysxsAcEA,https://hue75.net/wp-content/uploads/2023/08/Dac-san-com-hen-Hue-noi-tieng-cua-co-do.jpg,"16.4657553,107.5312883","4,8",8,"108 Kim Long, Thành phố Huế, Thừa Thiên Huế"
Cơm Hến Bà Đen,https://maps.app.goo.gl/dCvKaGq2JZVgHQeC6,https://top10hue.com.vn/wp-content/uploads/2021/11/Com-Hen-Hoa-Dong.jpg,"16.4694593,107.5627881","4,6",71,"31 Trần Quang Khải, Phú Hội, Thành phố Huế, Thừa Thiên Huế"
"Cơm hến, bún hến Lành",https://maps.app.goo.gl/5CLe9VWTE5BTopJ68,https://bazantravel.com/cdn/medias/uploads/27/27644-com-hen-hue-670x446.jpg,"16.4604976,107.5542319","4,4",34,"23 Ngô Gia Tự, Vĩnh Ninh, Thành phố Huế, Thừa Thiên Huế"
Phở Lý Quốc Sư Huế ,https://maps.app.goo.gl/qr85o6An3noA8zMn8,https://pholyquocsu.vn/wp-content/uploads/2022/09/pho-bap-loi-rua-700x700.jpg,"16.4636114,107.5880388","3,3",61,"0 Hà Nội, Vĩnh Ninh, Thành phố Huế, Thừa Thiên Huế"
Phở Mai Đào Huế,https://maps.app.goo.gl/nvK1iS7G1jXiuPeAA,https://toplist.vn/images/800px/pho-mai-dao-890674.jpg,"16.4683346,107.5970852","4,4",137,"21 Nguyễn Thái Học, Phú Hội, Thành phố Huế, Thừa Thiên Huế"
Phở Thành,https://maps.app.goo.gl/RHrWvQwoiX8qjPm78,https://dynamic-media-cdn.tripadvisor.com/media/photo-o/29/6c/8b/4e/ph-bo-tai-eye-round-steak.jpg,"16.4641213,107.594571","4,9",118,"13C Tố Hữu, Phú Nhuận, Thành phố Huế, Thừa Thiên Huế"
Cơm niêu Lửa Việt,https://maps.app.goo.gl/7tZA4NMhB31FDCZu5,https://mia.vn/media/uploads/blog-du-lich/den-nha-hang-com-nieu-lua-viet-de-duoc-quay-quan-ben-mam-com-gia-dinh-05-1638294074.jpg,"16.4681577,107.597879","3,7",165,"39 Nguyễn Thái Học, Phú Hội, Thành phố Huế, Thừa Thiên Huế 52000"
Cơm Niêu Huế - Urban,https://maps.app.goo.gl/7nsb21GPaywsz78FA,https://tourdanangcity.vn/wp-content/uploads/2023/04/nha-hang-com-nieu-hue-2.jpg,"16.4700276,107.5907919","4,5",232,"23 Chu Văn An, Phú Hội, Thành phố Huế, Thừa Thiên Huế 52000"
Huế Cơm Niêu,https://maps.app.goo.gl/86xYzBJGdrXJj73q7,https://static.vinwonders.com/production/com-nieu-hue-banner.jpeg,"16.4697247,107.5886008","4,5",22,"45 Lê Lợi, Phú Hội, Thành phố Huế, Thừa Thiên Huế 530000"
Bun Bo Hue My Tam,https://maps.app.goo.gl/kLgLAGFUGkgevGhL6,https://www.cotrang.org/tin-tuc/images/quan-nhau-nha-hang/hue/bun-bo-my-tam/bun-bo-hue-my-tam-tai-hue-ttgt-02.jpg,"16.4634589,107.5695955","3,6",718,"3 Trần Cao Vân, Vĩnh Ninh, Thành phố Huế, Thừa Thiên Huế"
Quán Cẩm - Bún Bò Huế,https://maps.app.goo.gl/eo4aEDfhRsJohzJr9,https://dynamic-media-cdn.tripadvisor.com/media/photo-o/28/8c/48/1a/caption.jpg,"16.4634589,107.5695955","3,8",553,"45 Lê Lợi, Phú Hội, Thành phố Huế, Thừa Thiên Huế"
Bún Bò Huế Sen - Quán ăn sáng chất lượng tại Huế,https://maps.app.goo.gl/NddQXGZzxsZGuYoN9,https://nhahangcontoc.com/wp-content/uploads/2022/12/bun-bo-hue-1_1628650972.jpg,"16.4634589,107.5695955","4,8",504,"69 Võ Thị Sáu, Phú Hội, Thành phố Huế, Thừa Thiên Huế"
QUÁN CHAY THANH LIỄU,https://maps.app.goo.gl/pKdcvJGN3zGfvwwJ7,https://dynamic-media-cdn.tripadvisor.com/media/photo-o/2a/00/ad/16/caption.jpg,"16.460361,107.5095003","4,5",674,"50 Nguyễn Công Trứ, Phú Hội, Thành phố Huế, Thừa Thiên Huế"
Nhà Hàng Cơm Chay Bồ Đề,https://maps.app.goo.gl/88VWUKA7rQZzDXNa8,https://diadiemanuong.net.vn/upload//images2/users/adminweb@yahoo.com/2020611074050_chaybode.jpg,"16.460361,107.5095003","3,8",245,"11 Lê Lợi, Vĩnh Ninh, Thành phố Huế, Thừa Thiên Huế"
Nhà Hàng Chay Tịnh Quán,https://maps.app.goo.gl/PJ8ppss2jhuW8K1h9,https://assets.grab.com/wp-content/uploads/sites/11/2020/02/10010905/111-2.jpg,"16.460361,107.5095003","4,2",235,"2 Trần Cao Vân, Vĩnh Ninh, Thành phố Huế, Thừa Thiên Huế"
"Quán Cồn Tè , Phạm văn đồng, Huế",https://maps.app.goo.gl/iHg9S5mjVonEBKu98,https://images.foody.vn/res/g20/191116/prof/s640x400/foody-mobile-soveo-jpg-326-635846636428369812.jpg,"16.4605176,107.5095002","4,2",25,"52 Hồng Khẳng, Vỹ Dạ, Thành phố Huế, Thừa Thiên Huế"
HA sea foods,https://maps.app.goo.gl/e1cExNd8KQ7iDWLv7,https://cdn.alongwalk.info/info/wp-content/uploads/2022/03/16064756/image-5-delicious-seafood-restaurants-in-ha-long-fresh-food-and-listed-prices-164736287533828.jpg,"16.4646332,107.5366227","3,5",30,"16 Nguyễn Huệ, Vĩnh Ninh, Thành phố Huế, Thừa Thiên Huế"
Nhà hàng Biển Ngọc,https://maps.app.goo.gl/wyWwy3j1cg3b2SuV7,https://dynamic-media-cdn.tripadvisor.com/media/photo-o/1a/bc/42/67/bien-ngoc.jpg,"16.4646332,107.5366227","3,9",227,"12 Lê Minh, An Đông, Thành phố Huế, Thừa Thiên Huế"
Cháo Vịt Thuận,https://maps.app.goo.gl/iGj4dE4Wh1SxQGU47,https://amthucxuhue.com/wp-content/uploads/2022/01/quan-vit-thuan-hue-3.jpg,"16.4559504,107.4994763","4,2",378,"94 Bùi Thị Xuân, Phường Đúc, Thành phố Huế, Thừa Thiên Huế"
Cháo Lòng O Chạy,https://maps.app.goo.gl/kQdofcAKKHZRcsdd6,https://cdn.alongwalk.info/info/wp-content/uploads/2022/07/27022127/image-chao-long-o-chay-165883808698548.jpg,"16.4611819,107.5216409","3,8",9,"FHHM+4WG, Phan Đăng Lưu, Phú Hoà, Thành phố Huế, Thừa Thiên Huế"
Cháo lòng Cây Gòn,https://maps.app.goo.gl/6C7QenKnRD98yqZ69,https://static.vinwonders.com/production/chao-long-hue-1.jpeg,"13.9446382,109.0613313","4,6",19,"67-57 Trương Định, Nhơn Thành, An Nhơn, Bình Định"
Thúy - Bánh Canh Nam Phổ,https://maps.app.goo.gl/SXgFsmjuJMYgT5BV8,https://bazantravel.com/cdn/medias/uploads/74/74529-banh-canh-nam-pho-hue.jpg,"16.464912,107.571137","4,2",438,"16 Phạm Hồng Thái, Vĩnh Ninh, Thành phố Huế, Thừa Thiên Huế"
Bánh Bèo & Bánh Canh Nam Phổ Bé Huế,https://maps.app.goo.gl/X5tBXEzXUmdShDfBA,https://khamphahue.com.vn/Portals/0/Medias/Nam2023/T2/Khamphahue_QuanThuyPhamHongThai6.jpg,"16.4806043,107.5629457",5,10,"179 Đường Xuân 68, Thuận Thành, Thành phố Huế, Thừa Thiên Huế"
"Bánh Canh Nam Phổ + 
Bèo Nậm Lọc - Quán 
Hằng",https://maps.app.goo.gl/nG5NBUbKiJS4RLCy5,https://bazantravel.com/cdn/medias/uploads/74/74526-banh-canh-nam-pho-ngon-nuc-tieng-700x875.jpg,"16.4663133,107.5770717","4,6",11,"9 Đường Phó Đức Chính, Phú Hội, Thành phố Huế, Thừa Thiên Huế"
Bún Nghệ,https://maps.app.goo.gl/LE1hAFg5d1NxEk3j9,https://statics.vinwonders.com/bun-long-xao-nghe-da-nang-1_1702228770.jpg,"16.473053,107.5622782","4,2",46,"19 Trần Quang Khải, tổ 8, Thành phố Huế, Thừa Thiên Huế"
Bún Nghệ O Két,https://maps.app.goo.gl/qcGu9CMagUAkD5F9A,https://mia.vn/media/uploads/blog-du-lich/bun-nghe-hue-mon-an-dac-san-nuc-tieng-xu-kinh-ky-1-1638125137.jpg,"16.4716421,107.5924273","4,2",62,"2 Vũ Xuân Chiêm, Xuân Phú, Thành phố Huế, Thừa Thiên Huế"
Bún Nghệ Mệ Cam,https://maps.app.goo.gl/iAvEnPvcEyBAjmFf6,https://mia.vn/media/uploads/blog-du-lich/bun-nghe-hue-mon-an-dac-san-nuc-tieng-xu-kinh-ky-1638125677.jpg,"16.4552639,107.5612278","4,7",3,"13 Bảo Quốc, Phường Đúc, Thành phố Huế, Thừa Thiên Huế"
BÁNH CANH CÁ LÓC THUỲ DƯƠNG,https://maps.app.goo.gl/9CWuJkGLuupCtR9S7,https://mia.vn/media/uploads/blog-du-lich/banh-canh-ca-loc-thuy-duong-khu-pho-am-thuc-ngon-tru-danh-ban-nhat-dinh-khong-duoc-bo-lo-03-1638782928.jpeg,"16.4577026,107.544718",5,3,"48 Trần Nguyên Đán, Thuận Hoà, Thành phố Huế, Thừa Thiên Huế"
Hằng Bánh Canh Cá Lóc,https://maps.app.goo.gl/hLZvKnZ1HbERk4ju5,https://statics.vinwonders.com/banh-canh-ca-loc-hue-01_1702314646.jpg,"16.4630429,107.5782886","4,4",68,"136 Bà Triệu, Xuân Phú, Thành phố Huế, Thừa Thiên Huế"
Bánh Canh Cá Lóc O Hoa,https://maps.app.goo.gl/GdDkrXtfLothphN48,https://statics.vinwonders.com/banh-canh-ca-loc-hue-01_1702314646.jpg,"16.4577026,107.544718","4,2",121,"6 Điện Biên Phủ, Vĩnh Ninh, Thành phố Huế, Thừa Thiên Huế"
Bánh Canh Cua Rời Mệ Nga,https://maps.app.goo.gl/25wRpBXqP4hw44Yb8,https://thanhphohue.net/wp-content/uploads/2017/11/banh_canh_cua_roi_hue_02.jpg,"16.4577829,107.544718","4,9",541,"32 Phạm Hồng Thái, Vĩnh Ninh, Thành phố Huế, Thừa Thiên Huế 530000"
Bánh Canh Cua Hương,https://maps.app.goo.gl/HbYDwC5a8VnwjUQV7,https://thanhphohue.net/wp-content/uploads/2017/11/banh_canh_cua_roi_hue_03.jpg,"16.4577829,107.544718","4,3",566,"30 Phạm Hồng Thái, Vĩnh Ninh, Thành phố Huế, Thừa Thiên Huế 530000"
Đường bánh canh Hàn Thuyên,https://maps.app.goo.gl/C1K8zKdY8FFA2tCM7,https://spk.vn/wp-content/uploads/2021/04/banh-canh-han-thuyen-mon-ngon-duong-pho-nuc-tieng-xu-hue-banh-canh-han-thuyen-hue.jpg,"16.4577829,107.544718","4,2",82,"FHCJ+XC9, Hàn Thuyên, Phú Hậu, Thành phố Huế, Thừa Thiên Huế"
Bánh canh Tôm tít,https://maps.app.goo.gl/maL8ihw5A4UkahzV7,https://thuhien.vn/wp-content/uploads/2021/06/banh_canh_tom_tit_nha_trang.jpg,"16.457129,107.5822338","4,2",8,"121 Phan Đình Phùng, Phú Nhuận, Thành phố Huế, Thừa Thiên Huế"
Bánh Canh Tôm Tít O Hoa,https://maps.app.goo.gl/HFS4aEjYfrbYrj9R9,https://thuhien.vn/wp-content/uploads/2021/06/banh_canh_tom_tit_nha_trang.jpg,"16.4577273,107.5629439",4,1,"6 Điện Biên Phủ, Vĩnh Ninh, Thành phố Huế, Thừa Thiên Huế"
Bánh Canh Tôm Tít O Tâm,https://maps.app.goo.gl/wk2ijgWDZFe8NWKz6,https://thuhien.vn/wp-content/uploads/2021/06/banh_canh_tom_tit_nha_trang.jpg,"16.4830649,107.5249804",3,1,"6 Điện Biên Phủ, Vĩnh Ninh, Thành phố Huế, Thừa Thiên Huế"
Bùn Riêu Cua,https://maps.app.goo.gl/o1gEkHyQBkUuYNrw9,https://cdn.tgdd.vn/2021/04/CookProduct/BeFunky-collage(4)-1200x676.jpg,"16.4579525,107.581413","4,2",21,"14 Nguyễn Huệ, Vĩnh Ninh, Thành phố Huế, Thừa Thiên Huế"
Bún riêu cua,https://maps.app.goo.gl/rUuiaypTHiqPEZuT6,https://cdn.tgdd.vn/2021/04/CookProduct/BeFunky-collage(4)-1200x676.jpg,"16.4659052,107.5955217",chưa có đánh giá,0,"21 Trần Quang Khải tổ 7, Phú Hội, Thành phố Huế, Thừa Thiên Huế"
Bún riêu cua phương Tâm,https://maps.app.goo.gl/WSzgB9u9rGshQxTx7,https://cdn.tgdd.vn/2021/04/CookProduct/BeFunky-collage(4)-1200x676.jpg,"16.4585909,107.5880733",5,1,"29 Đường Lương Văn Can, An Cựu, Thành phố Huế, Thừa Thiên Huế 530000"
Lò Bánh Lê Lợi,https://maps.app.goo.gl/EcPh4RCUWgiMwGq17,https://myinhue.org/wp-content/uploads/2023/07/bmbt1-min.jpeg,"16.469767,107.5572725","3,9",51,"45 Lê Lợi, Phú Hội, Thành phố Huế, Thừa Thiên Huế"
Tiệm Bánh Đồng Tâm Bakery,https://maps.app.goo.gl/jNW9fQbo2x4625CQ7,https://media.diadiem247.com/uploads/w900/2019/03/13/dong-tam-bakery-ba-trieu-6364843370698218205c88deb4459e5.jpg,"16.4518718,107.6025081","3,8",43,"62 An Dương Vương, An Đông, Thành phố Huế, Thừa Thiên Huế"
Tiệm Bánh Bảo Thạnh,https://maps.app.goo.gl/KyGDQQxrfCDvmFwB6,https://toplist.vn/images/800px/tiem-banh-bao-thanh-791308.jpg,"16.4713962,107.5871538","4,2",223,"167 Trần Hưng Đạo, Phú Hoà, Thành phố Huế, Thừa Thiên Huế"
"The Pizza Company 
Vincom Huế",https://maps.app.goo.gl/ztf6W9qWSAN1whxD6,https://img.mservice.com.vn/common/u/2e02fb5fe4f64fb55bc713540643c6f8eae702d101cea8c59afc49cfc505fc37/baead373-907f-4066-86b0-e0b870a360f6joy_yqco.jpeg,"16.4630866,107.0177487","4,3",325,"50A Hùng Vương, Phú Nhuận, Thành phố Huế, Thừa Thiên Huế 530000"
Pizza Hut go! Huế,https://maps.app.goo.gl/ESDgTBosZKsQCWLk8,https://images.foody.vn/res/g113/1120732/prof/s640x400/vn-11134513-7r98o-lw6l2vwnoqft9f-e8740e9d-240606091301.jpeg,"16.4609001,107.5969821","4,9",187,"174 Bà Triệu, Phú Nhuận, Thành phố Huế, Thừa Thiên Huế"
Little Italy Restaurant,https://maps.app.goo.gl/HDn8Pr5jqQnot8vv6,https://file.hstatic.net/200000233557/article/combo_littitaly205_94243072a5f54e30aaa56bdd784fe587_large.jpg,"16.4679524,107.5928848",4,1047,"10 Nguyễn Thái Học, Phú Hội, Thành phố Huế, Thừa Thiên Huế"
Lotteria Huế Coopmart,https://maps.app.goo.gl/YYbZAmBp7wPrFNRD7,https://toplist.info/images/800px/lotteria-756278.jpg,"16.4714268,107.576854",3.9,221,"06 Trần Hưng Đạo, Phú Hoà, Thành phố Huế, Thừa Thiên Huế"
KFC Big C Huế,https://maps.app.goo.gl/jtBsKPHBLZu42nmM8,https://nhahanghue.com/wp-content/uploads/kfc-bigC-hue.jpg,"16.4714268,107.576854","3,7",153,"Big C, Tòa Nhà Phong Phú, Bà Triệu/Khu Hùng Vương, P, Thành phố Huế, Thừa Thiên Huế 530000"
Chicken Plus Trần Cao Vân - Huế,https://maps.app.goo.gl/r9qiJdRQKqakfMSp9,https://toplist.vn/images/800px/chicken-plus-tran-cao-van-1200632.jpg,"16.465495,107.5917324","2,4",26,"22 Trần Cao Vân, Phú Hội, Thành phố Huế, Thừa Thiên Huế"
Yaki Yum Sushi & BBQ Buffet,https://maps.app.goo.gl/zQPmLTjj6rD34yvf7,https://toplist.vn/images/800px/yaki-yum-sushi-amp-bbq-buffet-1276240.jpg,"16.4652612,107.5947846","4,9",1297,"59 Bến Nghé, Phú Hội, Thành phố Huế, Thừa Thiên Huế 530000"
Sakido BBQ,https://maps.app.goo.gl/LuUKMac53sL7vpfn7,https://toplist.vn/images/800px/sakido-bbq-1311243.jpg,"16.4619112,107.6017573","4,5",44,"32 Trường Chinh, Xuân Phú, Thành phố Huế, Thừa Thiên Huế"
King BBQ Buffet,https://maps.app.goo.gl/3ij9W9rD8hrD8NSD7,https://statics.vincom.com.vn/vincom-ho/brand/king-bbq/king-bbq-3.png,"15.8478447,102.2010625","4,8",1154,"50 Hùng Vương, Phú Nhuận, Thành phố Huế, Thừa Thiên Huế"
Kicochi House - BBQ & Hotpot,https://maps.app.goo.gl/tRPHa1EVQn6FxKnZ6,https://toplist.vn/images/800px/kicochi-house-hue-572856.jpg,"16.4652612,107.5767602","3,5",124,"27 Nguyễn Thái Học, Phú Hội, Thành phố Huế, Thừa Thiên Huế"
Tukcha Hot Pot Buffet,https://maps.app.goo.gl/gSdPPsxSkZeyi39P7,https://images.foody.vn/res/g106/1057916/prof/s640x400/foody-upload-api-foody-mobile-125161485_2045372743-201201154545.jpg,"16.463638,107.5943481",4,46,"50A Hùng Vương, Phú Nhuận, Thành phố Huế, Thừa Thiên Huế"
1988 NHÀ HÀNG HÀN QUỐC,https://maps.app.goo.gl/ybbQT5kqLFXmhbgu6,https://toplist.vn/images/800px/soul-1988-1237213.jpg,"16.4755654,107.5536238","4,8",304,"14 Kiệt 14 La Sơn Phu Tử, Tây Lộc, Thành phố Huế, Thừa Thiên Huế 52000"
"Nhà Hàng Nhật Bản Shino Sushi - 22 Nguyễn Thái Học, Huế",https://maps.app.goo.gl/bMLiB3q34qLTPv3d6,https://shinosushi.com/wp-content/uploads/2023/02/PDN_9457-Copy-1024x684.jpg,"16.4653019,107.5767601","4,8",822,"22 Nguyễn Thái Học, Phú Hội, Thành phố Huế, Thừa Thiên Huế"
Tiệm Cơm Âm Phủ,https://maps.app.goo.gl/8AWpWVC38ETEYJ2w5,https://ticotravel.com.vn/wp-content/uploads/2022/05/Com-am-phu-Hue-1.jpg,"16.4683028,107.5958966","2,7",208,"51 Nguyễn Thái Học, Phú Hội, Thành phố Huế, Thừa Thiên Huế"
Cơm âm phủ 2,https://maps.app.goo.gl/SL5BUcghSKDXVoCb8,https://ticotravel.com.vn/wp-content/uploads/2022/05/Com-am-phu-Hue-1.jpg,"16.4685283,107.5937672","3,1",17,"33 Kiệt 64 Nguyễn Công Trứ, Phú Hội, Thành phố Huế, Thừa Thiên Huế"
Vịt lộn um bầu Huế,https://maps.app.goo.gl/izAFJuthJRK6V6hs7,https://cdn.alongwalk.info/vn/wp-content/uploads/2023/06/09212429/image-thuong-thuc-hot-vit-lon-um-bau-vua-ngon-vua-bo-khach-dong-nuom-nuop-tai-hue-ed06233859e821ea3c2b98ac3946a460.jpg,"16.4570533,107.5941935","4,9",30,"11 Nguyễn Khuyến, Phú Nhuận, Thành phố Huế, Thừa Thiên Huế 530000"
Vịt lộn um bầu bé Đen,https://maps.app.goo.gl/PDptGYhoQuJabnzg7,https://cungdi.net/uploads/travel/hue/trung-vit-lon-um-bau.jpeg,"16.4569797,107.5876493","4,3",106,"101 Phan Đình Phùng, Vĩnh Ninh, Thành phố Huế, Thừa Thiên Huế"
Ốc Minh Nghĩa,https://maps.app.goo.gl/vBy1gzxryao2LTPV8,https://khamphahue.com.vn/Portals/0/ThiTNT/Top10QuanOcNgonTaiHue/OcMinhNghia_NgonNhatHue.jpg,"16.4410481,107.5836548",4,450,"253 Phan Bội Châu, Trường An, Thành phố Huế, Thừa Thiên Huế"
Quán Sò Huế,https://maps.app.goo.gl/p7Ln2Pem3ddCZ7Lc8,https://blogger.googleusercontent.com/img/b/R29vZ2xl/AVvXsEgtOuvmom4AwWHpKw-RTwoM9giNYy29ZoL-EUltIjqXZEQJ96ixxra3ZbAOXbMeBRqENzpcyB8vjFvTFXPa5EyPADSq19V21nQHmMwT_3ARHQuAu5NpzI27B-Q_fQ1PqSU9-IkHaWXAfZA94N_8dI-ohPnXKoafuC9G4_QLi9sTSwZiPe1hwekvBnl3/s320/51149786-2FC1-4290-B22A-32BD6809F110.jpeg,"16.4611499,107.6044976",4,306,"15 Hoàng Văn Thụ, An Đông, Thành phố Huế, Thừa Thiên Huế 530000"
Ốc Triều Thủy,https://maps.app.goo.gl/7uFpP6rhqzZ1nsph9,https://cungdi.net/uploads/travel/hue/357813150_742629561198010_3564730971429500420_n.jpg,"16.5150673,107.5914827","4,3",246,"Làng, Triều Thủy, Phú Vang, Thừa Thiên Huế 530000"
Ốc cay,https://maps.app.goo.gl/xq3V1RGf8sJQGGDp6,https://static.vinwonders.com/production/quan-oc-hue-3.jpg,"16.4490203,107.6031957","3,7",37,"38 Hồ Đắc Di, An Cựu, Thành phố Huế, Thừa Thiên Huế"
Ốc Đảo Quán - cơ sở 1,https://maps.app.goo.gl/WxY6tZoP3PDcU5p29,https://statics.vinpearl.com/quan-oc-hue-1_1704425768.jpg,"16.4723804,107.5349437","4,4",15,"161 Lê Huân, Thuận Hoà, Thành phố Huế, Thừa Thiên Huế 530000"
Đề-Pô Cafe,https://maps.app.goo.gl/jD86NBdbNeFhEpbc6,https://myinhue.org/wp-content/uploads/2023/07/cf33-min.jpg,"16.473158,107.5630433","4,6",191,"Chợ Đông Ba, 02 Trần Hưng Đạo, Phú Hoà, Thành phố Huế, Thừa Thiên Huế 530000"
Cà phê Muối - Đặc sản Huế,https://maps.app.goo.gl/ZZ55J6Aj4fHkdFpA8,https://media-cdn-v2.laodong.vn/storage/newsportal/2023/6/29/1210583/Ca-Phe-Muoi-2.jpeg,"16.464747,107.5815551","4,9",38,"Bến Nghé/65 Huế, Phú Hội, Thành phố Huế, Thừa Thiên Huế"
HÚE Cafe,https://maps.app.goo.gl/7yiUXf6d9RhX6AN57,https://gcs.tripi.vn/public-tripi/tripi-feed/img/476196EFS/anh-mo-ta.png,"16.4670105,107.5762264","4,7",318,"Hẻm 10 Bến Nghé, Phú Hội, Thành phố Huế, Thừa Thiên Huế 52000"
Thành cafe - 24 Văn Cao,https://maps.app.goo.gl/DbXF9AvyZ6pXfvGb7,https://adormusic.s3.us-east-2.amazonaws.com/wp-content/uploads/2022/07/08191338/Tha%CC%80nh-Cafe.jpg,"16.4670105,107.5762264","4,7",151,"24 Văn Cao, Xuân Phú, Thành phố Huế, Thừa Thiên Huế 52000"
đa:mê cafe,https://maps.app.goo.gl/FLuMWBw8gR2DM7Bd8,https://reviewhue.vn/wp-content/uploads/2022/12/2b7e308a849e07195a71a154db04ee6b.jpg,"16.4670105,107.5762264","4,8",363,"34 Chu Văn An, Phú Hội, Thành phố Huế, Thừa Thiên Huế 49118"
tan.cafe,https://maps.app.goo.gl/MNMQcLfptDvL4ra9A,https://tan-co.vn/wp-content/uploads/2023/06/tan-3-ngang-2-1024x768.jpg,"16.4670105,107.5762264","4,5",277,"14 Phạm Hồng Thái, Vĩnh Ninh, Thành phố Huế, Thừa Thiên Huế 52000"
HANOK CAFE,https://maps.app.goo.gl/AgodsEkKNyJxQkAK7,https://media-cdn.tripadvisor.com/media/photo-s/25/0e/77/b5/hanok-cafe.jpg,"16.4670105,107.5762264","4,6",172,"14A Kiệt 64 Nguyễn Công Trứ, Phú Hội, Thành phố Huế, Thừa Thiên Huế"
Trốn cafe,https://maps.app.goo.gl/XUAzAErMTDCJKoX87,https://trons.studio/wp-content/uploads/2023/12/dem.jpeg,"16.4670105,107.5762264","4,6",144,"Kiệt 21 Lê Quý Đôn, Phú Nhuận, Thành phố Huế, Thừa Thiên Huế"
Chạn Cafe,https://maps.app.goo.gl/gbp6KBXpGKqr3GRf7,https://thanhphohue.net/wp-content/uploads/2024/02/chan_cafe_hue_05.jpg,"16.4670105,107.5762264","4,5",90,"19 Nguyễn Thái Học, Phú Hội, Thành phố Huế, Thừa Thiên Huế"
The Coffee House - Võ Thị Sáu (Huế),https://maps.app.goo.gl/KfyRhdaj8xAtZtY69,https://static.muanhanh.com/images/user/47/hue/house/coffee-1.jpg,"16.4670105,107.5762264","4,4",396,"61 Võ Thị Sáu, Phú Hội, Thành phố Huế, Thừa Thiên Huế"
The time coffee,https://maps.app.goo.gl/NBhnhH5aWn4AbQ8BA,https://cungdi.net/uploads/travel/hue/258174957_1101077413994222_6545215947164986252_n.jpg,"16.4700148,107.5727073","4,1",101,"18 Lê Lợi, Vĩnh Ninh, Thành phố Huế, Thừa Thiên Huế"
PhinHolic,https://maps.app.goo.gl/APTyRTvtzs5LY3FM9,https://www.cotrang.org/public/images/tin_dang/2/1_phiholic-65-ben-nghe-bk-13.jpg,"16.4700148,107.5727073","4,5",586,"65 Bến Nghé, Phú Hội, Thành phố Huế, Thừa Thiên Huế"
CODO COFFEE,https://maps.app.goo.gl/45cgU2frec1ySEDS9,https://khamphahue.com.vn/Portals/0/Medias/Nam2023/T5/Khamphahue_KodoCafeHue12.jpg,"16.4700148,107.5727073","4,8",51,"12 Ngô Đức Kế, Phú Hậu, Thành phố Huế, Thừa Thiên Huế"
LAPH.TRƯƠNG ĐỊNH,https://maps.app.goo.gl/8MoAUUBoZYLuZ3n7A,https://media-cdn.tripadvisor.com/media/photo-s/13/72/21/48/getlstd-property-photo.jpg,"16.4700148,107.5727073","4,5",122,"4 Trương Định, Vĩnh Ninh, Thành phố Huế, Thừa Thiên Huế 530000"
Anh Kafe,https://maps.app.goo.gl/fWGkeSGP5T8tk2mD7,,"16.4700148,107.5727073","4,2",121,"34 Đ. Nguyễn Lương Bằng, Phú Nhuận, Thành phố Huế, Thừa Thiên Huế"
Nhà Tôi Cofee & Beer,https://maps.app.goo.gl/ZDbCG1WY756htvSM9,,"16.4700148,107.5727073","4,2",47,"81 Trần Hưng Đạo, Phú Hoà, Thành phố Huế, Thừa Thiên Huế"
Cà phê Khởi nghiệp Huế,https://maps.app.goo.gl/bACLqZokDeoPhH4x9,https://i2.connections.vn/cei.hueuni.edu.vn/wp-content/uploads/2023/02/13.jpg,"16.4700148,107.5727073","4,5",11,"20 Lê Lợi, Vĩnh Ninh, Thành phố Huế, Thừa Thiên Huế 52000"
Highlands Coffee,https://maps.app.goo.gl/56U8axBjzQNmNHRt9,https://noithatkendesign.vn/storage/app/media/uploaded-files/thiet-ke-quan-highlands-coffee-4.jpg,"16.4700148,107.5727073","4,2",808,"38 Lê Lợi, Ward, Hue City, Thành phố Huế, Thừa Thiên Huế"
Afternoon Coffee - Beautiful Old Coffeehouse,https://maps.app.goo.gl/6mG4u6Z8aCE14kQb9,https://thanhphohue.net/wp-content/uploads/2024/03/chieu_cafe_hue_05.jpg,"16.4662367,107.5548674","4,3",345,"44 Đặng Thái Thân, Thuận Thành, Thành phố Huế, Thừa Thiên Huế"
Tiệm Kem Tươi Suki,https://maps.app.goo.gl/UaL2xjefAR3LimpJ6,https://vi.alongwalker.co/img/post_images/64c64a1a4d96b50c7fa3424c7aef7adf.jpg,"16.6363184,107.1884988","4,7",18,"97 Nhật Lệ, Thuận Thành, Thành phố Huế, Thừa Thiên Huế"
Nước Ép Trái Cây Nhà Ry,https://maps.app.goo.gl/BrMDHZXZmeuFmHVm9,https://cdn.mediamart.vn/images/news/12-loai-sinh-to-va-nuoc-ep-lam-tre-hoa-lan-da-EOwf6p.jpg,"16.4725965,107.5655391",5,1,"37 Nguyễn Bỉnh Khiêm, Phú Cát, Thành phố Huế, Thừa Thiên Huế"
Sinh Tố Nuoc Ep Trai Cay,https://maps.app.goo.gl/wnPPN7PtSZ7uK2Ao7,https://cdn.mediamart.vn/images/news/12-loai-sinh-to-va-nuoc-ep-lam-tre-hoa-lan-da-EOwf6p.jpg,"16.4740447,107.5396102",5,1,"26 Nhật Lệ, Thuận Thành, Thành phố Huế, Thừa Thiên Huế"
Nature Fuel - juice smoothie waffle,https://maps.app.goo.gl/uap4HsFprwKrz9846,https://cdn.mediamart.vn/images/news/12-loai-sinh-to-va-nuoc-ep-lam-tre-hoa-lan-da-EOwf6p.jpg,"16.4663626,107.5742045","4,9",87,"47B Trần Nguyên Hãn, Thuận Hoà, Thành phố Huế, Thừa Thiên Huế"
"Bluehands - Juice - 
Smoothie Bowls",https://maps.app.goo.gl/pDCtVp1gAFEBDtiCA,https://storage.googleapis.com/public-tripi/food/img/2702mp/167675566_3574849492642886_3464197750024584901_n.jpg,"16.4690763,107.5961003","4,6",55,"35 Chu Văn An, Phú Hội, Thành phố Huế, Thừa Thiên Huế 53000"
Ca Dao Coffee,https://maps.app.goo.gl/ZkbR4hM78esXWZ2o6,,"16.4563688,107.5546435","3,8",51,"14 Nguyễn Phúc Nguyên, Kim Long, Thành phố Huế, Thừa Thiên Huế"
KODO,https://maps.app.goo.gl/XzDAfaRZCehGsxsr9,https://khamphahue.com.vn/Portals/0/Medias/Nam2023/T5/Khamphahue_KodoCafeHue12%20-%20Copy.jpg,"16.4560546,107.5524352","4,6",140,"36 - 38 Nguyễn Phúc Nguyên, Hương Long, Thành phố Huế, Thừa Thiên Huế"
Nhà Hàng Nam Châu Hội Quán,https://maps.app.goo.gl/YSbGZNTWDMC9wmpf7,,"16.4621071,107.5624123","4,1",633,"04 Kim Long, 07 Vạn Xuân, Tp. Huế, Thừa Thiên Huế 530000"
Nhà Cám,https://maps.app.goo.gl/eAQP1VytYeMLEhFdA,https://static.vinwonders.com/production/bun-dau-mam-tom-Hue-12.jpg,"16.4555382,107.5518394","3,4",56,"160 Phan Chu Trinh, Phước Vĩnh, Thành phố Huế, Thừa Thiên Huế 490000"
Bún đậu Gia Di CN Huế,https://maps.app.goo.gl/6dBZtm2DyJA79h768,https://static.vinwonders.com/production/bun-dau-mam-tom-Hue-12.jpg,"16.4583893,107.5600801","3,9",263,"97 Nguyễn Huệ, Phú Nhuận, Thành phố Huế, Thừa Thiên Huế"
Bún đậu mắm tôm,https://maps.app.goo.gl/WzxhxpPWVu7cFNBf7,https://static.vinwonders.com/production/bun-dau-mam-tom-Hue-12.jpg,"16.478029,107.5438451","4,8",6,"105 Lê Thánh Tôn, Thuận Thành, Thành phố Huế, Thừa Thiên Huế"
Bún Đậu Mắm Tôm Mộc Quán,https://maps.app.goo.gl/6jwMWwddU65QJwgg6,https://static.vinwonders.com/production/bun-dau-mam-tom-Hue-12.jpg,"16.4681886,107.533536","4,4",7,"45 Trần Nguyên Đán, Thuận Hoà, Thành phố Huế, Thừa Thiên Huế"
Bún chả cá 108 Phan Bội Châu,https://maps.app.goo.gl/bW5YPuJrcGxdSKWH6,https://mamruochue.com.vn/wp-content/uploads/2022/10/nhung-cach-nau-bun-cha-ca-hue-ngon-nhat.jpg,"16.4724607,107.5349437","4,3",23,"108 Phan Bội Châu, Trường An, Thành phố Huế, Thừa Thiên Huế"
Bún Chả Cá Hằng,https://maps.app.goo.gl/zvjRdDwLPEzbC6Az5,https://mamruochue.com.vn/wp-content/uploads/2022/10/nhung-cach-nau-bun-cha-ca-hue-ngon-nhat.jpg,"16.4714622,107.5789973","4,7",7,"134 Bà Triệu, Xuân Phú, Thành phố Huế, Thừa Thiên Huế"
Phở như ý - bún chả hà nội,https://maps.app.goo.gl/DnTE68deZ5mcUYcx8,https://static.vinwonders.com/production/bun-cha-ha-noi-01.jpg,"16.4659936,107.5852158",5,7,"3 Đ. Lê Quang Đạo, Xuân Phú, Thành phố Huế, Thừa Thiên Huế"
Bún Giấm Nuốc,https://maps.app.goo.gl/rcryzGjYumBJwES77,https://mia.vn/media/uploads/blog-du-lich/bun-giam-nuoc-huong-vi-cua-manh-dat-co-do-1-1638299481.jpg,"16.4746008,107.5893176","4,2",50,"2 Đ. Chi Lăng, Phú Cát, Thành phố Huế, Thừa Thiên Huế"
Hồng Bún Cá Ngừ,https://maps.app.goo.gl/xP5HSa7qBVWTvWPC9,https://amthuc10phut.vn/wp-content/uploads/2023/08/bun-ca-ngu-hue-3.jpg,"16.4619756,107.5955117","4,2",19,"48 Hoàng Văn Thụ tổ 18, An Đông, Thành phố Huế, Thừa Thiên Huế"
Hồng Nhân - Bún Cá Ngừ - Hoàng Quốc Việt,https://maps.app.goo.gl/J43QQqdp9BYkdPjJA,https://amthuc10phut.vn/wp-content/uploads/2023/08/bun-ca-ngu-hue-3.jpg,"16.459206,107.6098083",chưa có đánh giá,0,"29 Hoàng Quốc Việt, Xuân Phú, Thành phố Huế, Thừa Thiên Huế"
Bún Cá Ngừ 147 - Bà Triệu,https://maps.app.goo.gl/qtMtWvctqzJE2JB28,https://amthuc10phut.vn/wp-content/uploads/2023/08/bun-ca-ngu-hue-3.jpg,"16.4635147,107.6002967",chưa có đánh giá,0,"147 Bà Triệu, Xuân Phú, Thành phố Huế, Thừa Thiên Huế"
Tré Trộn 95,https://maps.app.goo.gl/SGPbt5avmWRtmMJx8,https://cdn.alongwalk.info/info/wp-content/uploads/2022/04/19052845/image-hit-ha-da-mieng-mon-tre-tron-xu-hue-ngon-kho-cuong-165029572592973.jpg,"16.47473,107.5481176",5,2,"05 Nguyễn Khuyến, Phú Nhuận, Thành phố Huế, Thừa Thiên Huế"
Tré trộn Bá,https://maps.app.goo.gl/D7726jrncKHhcWw39,https://cdn.alongwalk.info/info/wp-content/uploads/2022/04/19052845/image-hit-ha-da-mieng-mon-tre-tron-xu-hue-ngon-kho-cuong-165029572592973.jpg,"16.47473,107.5481176",5,5,"5, Lý Thường Kiệt/2 Nguyễn Thị Minh Khai, Phú Nhuận, Tp. Huế, Thừa Thiên Huế"
Dồi heo sụn - Nem Tré Trộn,https://maps.app.goo.gl/kk8mGC9dSkn6HtbH8,https://cdn.alongwalk.info/info/wp-content/uploads/2022/04/19052845/image-hit-ha-da-mieng-mon-tre-tron-xu-hue-ngon-kho-cuong-165029572592973.jpg,"16.461614,107.4963786",5,1,"28 Vạn Xuân, Kim Long, Thành phố Huế, Thừa Thiên Huế"
Hủ Tiếu Đặng Huy Trứ,https://maps.app.goo.gl/wFjiWKqTU8zifxYD9,https://toplist.vn/images/800px/hu-tieu-binh-dan-nguyet-1062941.jpg,"16.4407158,107.5920081","4,3",8,"86, Đặng Huy Trứ, An Cựu, Thành phố Huế, Thừa Thiên Huế"
Hủ tiếu May,https://maps.app.goo.gl/FN7guBQT6xP6JmwX7,https://toplist.vn/images/800px/hu-tieu-binh-dan-nguyet-1062941.jpg,"16.4676321,107.6011587","4,4",49,"13 Dương Văn An, tổ 7, Thành phố Huế, Thừa Thiên Huế"
Hủ Tiếu Vĩnh Phương,https://maps.app.goo.gl/RvMLBQFt1vyAzi399,https://toplist.vn/images/800px/hu-tieu-binh-dan-nguyet-1062941.jpg,"16.4868652,107.590838","4,8",10,"322 Đ. Chi Lăng, Phú Hiệp, Thành phố Huế, Thừa Thiên Huế"
Hủ Tiếu Bình Dân Nguyệt,https://maps.app.goo.gl/UGqzvyG824w3iq4K9,https://toplist.vn/images/800px/hu-tieu-binh-dan-nguyet-1062941.jpg,"16.4732757,107.6026772",4,6,"10 Điềm Phùng Thị, Vỹ Dạ, Thành phố Huế, Thừa Thiên Huế"
Quán Cháo - Xôi - Gà Vịt Nguyễn Trãi,https://maps.app.goo.gl/fJpE2njmznNcZogz5,https://cdn.tuoitre.vn/thumb_w/480/471584752817336320/2024/7/6/base64-1720201611403880486659.jpeg,"16.4739815,107.5497645",chưa có đánh giá,0,"176 Nguyễn Trãi, Tây Lộc, Thành phố Huế, Thừa Thiên Huế"
Xôi Ngô Đức Kế,https://maps.app.goo.gl/rYAMpBKyhELRA8rx8,https://cdn.tuoitre.vn/thumb_w/480/471584752817336320/2024/7/6/base64-1720201611403880486659.jpeg,"16.4768718,107.5654201","4,6",21,"16 Đường Xuân 68, Phú Hậu, Thành phố Huế, Thừa Thiên Huế"
Xôi gà Đạp Đá,https://maps.app.goo.gl/K9MQi85nyxcZB7bU7,https://cdn.tuoitre.vn/thumb_w/480/471584752817336320/2024/7/6/base64-1720201611403880486659.jpeg,"16.4718085,107.5778223",chưa có đánh giá,0,"14 Nguyễn Công Trứ, Phú Hội, Thành phố Huế, Thừa Thiên Huế"
Xôi gà chợ An Cựu,https://maps.app.goo.gl/GPxYpdRbNJDYxDBeA,https://cdn.tuoitre.vn/thumb_w/480/471584752817336320/2024/7/6/base64-1720201611403880486659.jpeg,"16.4573421,107.5974411","4,5",96,"FJ42+W6P, Phú Nhuận, Thành phố Huế, Thừa Thiên Huế"
Quán Gà 1B Miếu Đôi,https://maps.app.goo.gl/7DZTW4jmU3sCoguB8,https://toplist.vn/images/800px/quan-ga-nuong-khoi-chieu-1243081.jpg,"16.4655123,107.5839569",5,5,"10 Kiệt, 246 Đường Hùng Vương, An Cựu, Thành phố Huế, Thừa Thiên Huế"
Xôi thịt hon,https://maps.app.goo.gl/7BTTdyB4NvcsRHCg8,https://2sao.vietnamnetjsc.vn/images/2022/09/08/21/59/xoi1.jpg,"16.4751986,107.5411535","4,7",3,"75A Nhật Lệ, Thuận Thành, Thành phố Huế, Thừa Thiên Huế"
Xôi thịt Hon Phạm Hồng Thái,https://maps.app.goo.gl/nKQf7jvSSRvt8eQm7,https://2sao.vietnamnetjsc.vn/images/2022/09/08/21/59/xoi1.jpg,"16.4751986,107.5411535","4,1",14,"10 Phạm Hồng Thái, Vĩnh Ninh, Thành phố Huế, Thừa Thiên Huế"
Xôi thịt hon dì Khanh,https://maps.app.goo.gl/nsqUYduLMmHthnMg7,https://2sao.vietnamnetjsc.vn/images/2022/09/08/21/59/xoi1.jpg,"16.4680343,107.5558434","4,8",6,"55 Đinh Công Tráng, Phú Hậu, Thành phố Huế, Thừa Thiên Huế"
Bánh Canh Bà Đợi,https://maps.app.goo.gl/4zshMNtAZ6447A9k9,https://mia.vn/media/uploads/blog-du-lich/oanh-tac-quan-banh-canh-ba-doi-thom-ngon-lay-lung-xu-hue-02-1637918708.jpg,"16.4665708,107.5733488","3,8",146,"69 Nguyễn Trãi, Thuận Hoà, Thành phố Huế, Thừa Thiên Huế"
Quán cháo bò O Vân,https://maps.app.goo.gl/J2njsmjKg6zdzLyd9,https://toplist.vn/images/800px/chao-bo-ba-cuc-1329207.jpg,"16.4666892,107.5239941","4,9",13,"29 Nguyễn Thiện Thuật, Thuận Hoà, Thành phố Huế, Thừa Thiên Huế"
CHÁO BÒ 22,https://maps.app.goo.gl/FTdZx91t8QGFGX3M6,https://toplist.vn/images/800px/chao-bo-ba-cuc-1329207.jpg,"16.4666892,107.5239941","4,8",29,"15 Trần Quang Khải, Phú Hội, Thành phố Huế, Thừa Thiên Huế"
Cháo Bò Đập Đá,https://maps.app.goo.gl/TGitxBAQgvWye2o89,https://toplist.vn/images/800px/chao-bo-ba-cuc-1329207.jpg,"16.4666892,107.5239941","4,1",285,"5 Nguyễn Công Trứ, Phú Hội, Thành phố Huế, Thừa Thiên Huế"
Cháo Lòng Lịch Đợi,https://maps.app.goo.gl/bLr22ykssyvMy5ph9,https://bazantravel.com/cdn/medias/uploads/30/30430-chao-long-lich-doi.jpg,"16.4666892,107.5239941",4,88,"84 Lịch Đợi, Phường Đúc, Thành phố Huế, Thừa Thiên Huế"
cháo bò Bà Cúc,https://maps.app.goo.gl/ggwcK8oxWZWKbUkeA,https://toplist.vn/images/800px/chao-bo-ba-cuc-1329207.jpg,"16.4598954,107.5890848","4,3",20,"56 Hai Bà Trưng, Vĩnh Ninh, Thành phố Huế, Thừa Thiên Huế 54000"
Quán Lươn Xứ Nghệ,https://maps.app.goo.gl/aQthjVPuii3UWEhR9,https://toplist.vn/images/800px/chao-luon-nuong-cay-chi-thuy-1264195.jpg,"16.4610115,107.5711081",4,114,"20 Hai Bà Trưng, Vĩnh Ninh, Thành phố Huế, Thừa Thiên Huế"
Cháo lươn Nguyễn Hoàng,https://maps.app.goo.gl/eSojRqdRZ3yvy7o6A,https://toplist.vn/images/800px/chao-luon-nuong-cay-chi-thuy-1264195.jpg,"16.4652584,107.5544345","4,8",10,"13/3/80 Nguyễn Hoàng, Kim Long, Thành phố Huế, Thừa Thiên Huế"
Cháo Lươn - Nướng Cay Chị Thúy,https://maps.app.goo.gl/J8WggRroPeG4Kbmn8,https://toplist.vn/images/800px/chao-luon-nuong-cay-chi-thuy-1264195.jpg,"16.446741,107.586266","3,9",15,"70 Đặng Huy Trứ tổ 15, Trường An, Thành phố Huế, Thừa Thiên Huế"
"Dì Nguyên - Cơm Hến, Cháo Hến",https://maps.app.goo.gl/uxAKQndXkJ7kPnTe7,https://images2.thanhnien.vn/zoom/686_429/528068263637045248/2023/12/29/h4-1703836234931220603304-75-0-750-1080-crop-1703836823737989069799.jpg,"16.4671848,107.5551716","3,3",4,"76 Nguyễn Trãi, Thuận Hoà, Thành phố Huế, Thừa Thiên Huế"
Quán Cơm Bún Cháo Hến Nở,https://maps.app.goo.gl/7QJJq8yTE8jXhUa26,https://images2.thanhnien.vn/zoom/686_429/528068263637045248/2023/12/29/h4-1703836234931220603304-75-0-750-1080-crop-1703836823737989069799.jpg,"16.4671848,107.5551716","3,3",3,"14 Nguyễn Huệ, Vĩnh Ninh, Thành phố Huế, Thừa Thiên Huế"
Quán cơm bún mì cháo Hến,https://maps.app.goo.gl/3KvGmPhHrMjZ1k8W7,https://images2.thanhnien.vn/zoom/686_429/528068263637045248/2023/12/29/h4-1703836234931220603304-75-0-750-1080-crop-1703836823737989069799.jpg,"16.459982,107.5721461","3,4",29,"29 Ngô Gia Tự, Vĩnh Ninh, Thành phố Huế, Thừa Thiên Huế"
36 Local,https://maps.app.goo.gl/eSaGx62UoLK887GUA,https://andemkom9.com/wp-content/uploads/2022/09/quan-hue-ban-bun-bo-hue-tai-ba-dinh.jpg,"16.4600227,107.5721461","4,4",96,"36 Đinh Tiên Hoàng, Phú Hoà, Thành phố Huế, Thừa Thiên Huế"
Quán nhậu dê Cao lẩu Vườn,https://maps.app.goo.gl/7D1JFeJ6BbrcoCpDA,https://toplist.vn/images/800px/quan-nhau-de-cao-lau-vuon-1056501.jpg,"16.4637686,107.5388186",4,139,"7 kiet 138 Phạm Thị Liên, Kim Long, Thành phố Huế, Thừa Thiên Huế"
Tà Vẹt Coffee & Pub,https://maps.app.goo.gl/wLaQP27PiyCSUJZX8,https://d3tosvr3yotk6r.cloudfront.net/Content/UserUploads/Images/Locations/4/2217/medium_110142989_1209178609432870_1988378269751112995_n.jpg,"16.4682806,107.5768621","4,3",925,"11 Võ Thị Sáu, Phú Hội, Thành phố Huế, Thừa Thiên Huế 53000"
Quán A Sơn,https://maps.app.goo.gl/W5fafCp91ixm4aDU6,https://cdn.alongwalk.info/wp-content/uploads/2022/05/22084200/image-review-nhung-ngay-mua-la-cu-phai-di-an-het-7-quan-lau-ngon-o-hue-nay-moi-da-165315852072305.jpg,"16.4682806,107.5768621","3,7",120,"17 Lê Hồng Phong, Phú Nhuận, Thành phố Huế, Thừa Thiên Huế"
Highlands Coffee,https://maps.app.goo.gl/qvrSLENDGJpyDb1Z6,https://www.cotrang.org/tin-tuc/images/hue/quan-cafe/highland-hue/highland-coffee-vtv8-hue-ttgt-7.jpg,"16.4622804,107.5705563","4,1",306,"09 Đ. Ngô Quyền, Vĩnh Ninh, Thành phố Huế, Thừa Thiên Huế, Việt Nam"
Highlands coffee Bến Thuyền - 05 Lê Lợi,https://maps.app.goo.gl/sY66JvQj4HB8teyYA,https://vietnam.com.co/wp-content/uploads/2024/04/Highlands-coffee-ben-thuyen-05-le-loi-780x270.jpeg,"16.4602864,107.5782145","4,2",152,"05 Lê Lợi, Vĩnh Ninh, Thành phố Huế, Thừa Thiên Huế 49000, Việt Nam"
Highlands Coffee 78 Nguyễn Huệ - Huế,https://maps.app.goo.gl/zxNvtUnwARw8654G7,https://myinhue.org/wp-content/uploads/2023/07/highlands-hue-3.jpg,"16.4578313,107.5873066","4,3",162,"78 Nguyễn Huệ, P, Thành phố Huế, Thừa Thiên Huế 49000, Việt Nam"
Highlands Coffee Thach Han Hue,https://maps.app.goo.gl/qZ1KY3o8ZjNciqK3A,https://myinhue.org/wp-content/uploads/2023/07/highlands-hue-10.jpg,"16.4704861,107.5681114","3,9",43,"59 Đường Thạch Hãn, P, Thành phố Huế, Thừa Thiên Huế 49000, Việt Nam"
Highlands Coffee,https://maps.app.goo.gl/MmEuK7YKKEkKxoKBA,https://myinhue.org/wp-content/uploads/2023/07/highlands-hue-6.jpg,"16.4658279,107.5738106","4,1",306,"8 Hùng Vương, Phú Hội, Thành phố Huế, Thừa Thiên Huế"
Highlands Coffee GO Mall Huế,https://maps.app.goo.gl/CUkZqfuHapmTd6tC9,https://statics.vincom.com.vn/vincom-ho/khong-gian.jpg,"16.4658686,107.5738106","3,7",21,"174 Bà Triệu, Phú Nhuận, Thành phố Huế, Thừa Thiên Huế 49100"
Highlands Coffee 102 Pham Van Dong Hue,https://maps.app.goo.gl/pxWfK15nYcm8mNQ79,https://myinhue.org/wp-content/uploads/2023/07/highlands-hue-9.jpg,"16.4819148,107.5843415","4,5",22,"102A Phạm Văn Đồng, Vỹ Dạ, Thành phố Huế, Thừa Thiên Huế 49000"
Highlands Coffee Hoang Van Thu Hue,https://maps.app.goo.gl/ozsgFwBj6Z4AxW5YA,https://myinhue.org/wp-content/uploads/2023/07/highlands-hue-4.jpg,"16.4607592,107.5861239","3,9",27,"25 Hoàng Văn Thụ, An Đông, Thành phố Huế, Thừa Thiên Huế 49000"
Anh Kafe,https://maps.app.goo.gl/8zooMcQCYtM4jmu87,https://www.cotrang.org/public/images/tin_dang/2/225_cafe-anh-kafe-68-hai-ba-trung-bk-1.jpg,"16.4592461,107.5864121","4,3",337,"68 Hai Bà Trưng, Vĩnh Ninh, Thành phố Huế, Thừa Thiên Huế, Việt Nam"
Anh Kafe,https://maps.app.goo.gl/5XFYfRf1vSiFwmXC7,https://pos.anhkafe.com/wp-content/uploads/2024/03/z5104763221306_52141329ca8f12e155509a7294ed490e-1536x864.jpg,"16.4580366,107.5793289","3,9",118,"5 Nguyễn Huệ, Vĩnh Ninh, Thành phố Huế, Thừa Thiên Huế, Việt Nam"
Anh Kafe,https://maps.app.goo.gl/eKYr949Mqs5PTcti9,https://media-cdn.tripadvisor.com/media/photo-s/0b/ec/c7/73/getlstd-property-photo.jpg,"16.4738056,107.5787727","4,1",168,"94 Đinh Tiên Hoàng, Phú Hậu, Thành phố Huế, Thừa Thiên Huế, Việt Nam"
GA COFFEE,https://maps.app.goo.gl/LX5gqKWXBmiDCXkb6,https://dynamic-media-cdn.tripadvisor.com/media/photo-o/26/2d/af/c8/ga-coffee-more-is-located.jpg,"16.4884485,107.588682","4,6",12,"344 Đ. Chi Lăng, Phú Hiệp, Thành phố Huế, Thừa Thiên Huế, Việt Nam"
Cà Phê Muối,https://maps.app.goo.gl/BV6xgH8rtuktucmC8,https://media.sohuutritue.net.vn/resize/560x315/files/duyluong/2023/07/25/dsc05657-1456.jpg,"16.462758,107.5963258","4,2",289,"10 Đ. Nguyễn Lương Bằng, tổ 3, Thành phố Huế, Thừa Thiên Huế, Việt Nam"
Cà Phê Muối,https://maps.app.goo.gl/yBt2B5XMAnkKXUPt5,https://dynamic-media-cdn.tripadvisor.com/media/photo-o/18/93/9d/00/salt-coffee.jpg,"16.4711537,107.570181","3,8",458,"142 Đặng Thái Thân, Thuận Hoà, Thành phố Huế, Thừa Thiên Huế, Việt Nam"
Cà Phê Mắt Biếc,https://maps.app.goo.gl/xE5PfvHvACGiXsEd8,https://mia.vn/media/uploads/blog-du-lich/Den-tiem-ca-phe-Mat-Biec-de-ngam-nhin-can-nha-cua-Ha-Lan-04-1650991808.jpg,"16.4949406,107.4331006","4,5",182,"66 Bao Vinh, Hương Vang, Hương Trà, Thừa Thiên Huế"
Chuồn Chuồn cafe,https://maps.app.goo.gl/J2rCtMDn3wZBjTMU6,,"16.4758571,107.5634661","4,7",28,"37 Trần Nhân Tông, Tây Lộc, Thành phố Huế, Thừa Thiên Huế, Việt Nam"
&.café.studio,https://maps.app.goo.gl/9NAaPsa1DGQR4g3M8,,"16.4762844,107.554345","4,2",6,"52 Lý Nam Đế, An Hòa, Thành phố Huế, Thừa Thiên Huế, Việt Nam"
Sunrise art studio and cafe,https://maps.app.goo.gl/o1TbSh9d3n7EX76T7,https://images.adsttc.com/media/images/5bc7/8dbc/f197/cc6b/2200/01c9/newsletter/_SP_4024-Edited.jpg,"16.4449606,107.5550712","4,8",9,"23 Huyền Trân Công Chúa, Thủy Biều, Thành phố Huế, Thừa Thiên Huế, Việt Nam"
HANOK CAFE,https://maps.app.goo.gl/iBQfacNSsiwrjfL27,https://media-cdn.tripadvisor.com/media/photo-s/25/0e/77/b5/hanok-cafe.jpg,"16.4695933,107.5956284","4,6",172,"14A Kiệt 64 Nguyễn Công Trứ, Phú Hội, Thành phố Huế, Thừa Thiên Huế, Việt Nam"
tan. original,https://maps.app.goo.gl/CgerszhXQUskx3V2A,https://tan-co.vn/wp-content/uploads/elementor/thumbs/IMG_9532-scaled-q8kwqsyo6f2dhip4x41omz2hsat6h2b0j5967s7kby.jpg,"16.4649865,107.5865269","4,5",278,"14 Phạm Hồng Thái, Vĩnh Ninh, Thành phố Huế, Thừa Thiên Huế 52000, Việt Nam"
Cafe An Nhiên,https://maps.app.goo.gl/k7v7sMbL2yuTpk437,https://d3tosvr3yotk6r.cloudfront.net/Content/UserUploads/Images/Locations/4/2201/medium_an-nhien-garden-photo-4-1068x712.jpg,"16.4630501,107.5988351","3,8",254,"6 Hà Huy Tập, Xuân Phú, Thành phố Huế, Thừa Thiên Huế, Việt Nam"
Zone 7 Coffee & Beer,https://maps.app.goo.gl/VMVNpfpPYpXpGTRb7,https://dynamic-media-cdn.tripadvisor.com/media/photo-o/17/0a/b3/0e/27-mars-2019.jpg,"16.4604087,107.5987673","3,5",14,"11 Phong Châu, Phú Nhuận, Thành phố Huế, Thừa Thiên Huế 530000"
Quán Nina Cafe,https://maps.app.goo.gl/i5CBWYCkedLAVAXQ7,https://media-cdn.tripadvisor.com/media/photo-s/17/8a/47/22/nina-s-cafe.jpg,"16.4643122,107.5927274","4,7",1504,"16 34 Nguyễn Tri Phương, Phú Hội, Thành phố Huế, Thừa Thiên Huế 530000"
Root coffee roastery,https://maps.app.goo.gl/mzVMgbfiQdLa7BaZ8,https://media-cdn.tripadvisor.com/media/photo-s/10/78/d8/b4/getlstd-property-photo.jpg,"16.4631484,107.5900283","4,4",16,"43 Đ. Ngô Quyền, Vĩnh Ninh, Thành phố Huế, Thừa Thiên Huế"
Tiệm Cà Phê Vọng Cảnh,https://maps.app.goo.gl/BaSsdmwbrz8FJddF8,https://tusachtiasang.org/wp-content/uploads/2023/08/cafe-gan-doi-vong-canh-2.2-min-768x1024.jpg,"16.4289364,107.5616699","4,6",12,"89 Huyền Trân Công Chúa, Thủy Biều, Thành phố Huế, Thừa Thiên Huế, Việt Nam"
O2 Cafe,https://maps.app.goo.gl/f4B5r2Z9gHjMR7sv5,https://kienanthinh.com/files/common/thiet-ke-noi-that-quan-cafe-o2-coffee-lujal.jpg,"16.4694808,107.569725","4,4",58,"83 Yết Kiêu, Thuận Hoà, Thành phố Huế, Thừa Thiên Huế, Việt Nam"
Hue Crown Boutique Garden Coffee,https://maps.app.goo.gl/11VditKmSLPrYxARA,https://dynamic-media-cdn.tripadvisor.com/media/photo-o/1a/c4/85/f4/getlstd-property-photo.jpg,"16.4521883,107.6190844","4,7",45,"Văn Tiến Dũng, An Đông, Thành phố Huế, Thừa Thiên Huế, Việt Nam"
Tiệm cà phê 81,https://maps.app.goo.gl/DgdeeD51tW9EG8HSA,https://cdn.alongwalk.info/info/wp-content/uploads/2022/07/24050516/image-top-8-quan-cafe-phong-cach-co-dien-tai-sai-gon-165858871622431.jpg,"16.4307624,107.5604685","4,4",83,"81 Huyền Trân Công Chúa, Thủy Xuân, Thành phố Huế, Thừa Thiên Huế, Việt Nam"
Cà phê Mộc Cà - 101 Lê Ngô Cát,https://maps.app.goo.gl/TyMFb3YXrd4TbrBSA,https://vietnam.com.co/wp-content/uploads/2024/04/Ca-phe-Moc-Ca-101-Le-Ngo-Cat.jpeg,"16.4358708,107.5680925","4,2",5,"101 Lê Ng. Cát, Thủy Xuân, Thành phố Huế, Thừa Thiên Huế 53000, Việt Nam"
Cà phê 1976 cs1,https://maps.app.goo.gl/XGUj8joUoxEx6hiK8,https://nhahanghue.com/wp-content/uploads/cache/images/ca-phe-1976-o-hue/ca-phe-1976-o-hue-3438256033.jpg,"16.4564888,107.6014017","4,3",21,"12 Hải Triều, An Cựu, Thành phố Huế, Thừa Thiên Huế"
Quán Cafe đẹp ở Huế - Thanh Cafe (Phong cách Nhật Bản),https://maps.app.goo.gl/B1E4ZyYRdoZ3QMTP8,https://adormusic.s3.us-east-2.amazonaws.com/wp-content/uploads/2023/08/11025409/Tha%CC%80nh-Cafe-1024x683.jpg,"16.4484336,107.59671",5,24,"97 Ngự Bình, An Cựu, Thành phố Huế, Thừa Thiên Huế 49129"
HUE CAFE ROASTERY,https://maps.app.goo.gl/esw83nLxh2byQ5AD9,https://cattour.vn/images/upload/images/hue/cafe-hue/Hue-Caf%C3%A9-Roastery.jpg,"16.4769291,107.5862168","4,4",35,"131 Huỳnh Thúc Kháng, Phú Hoà, Thành phố Huế, Thừa Thiên Huế"
Quán Cà phê Chiều,https://maps.app.goo.gl/YA6tTB67XZeCWhjq9,https://thanhphohue.net/wp-content/uploads/2024/03/chieu_cafe_hue_01.jpg,"16.4724529,107.5755759","4,3",345,"44 Đặng Thái Thân, Thuận Thành, Thành phố Huế, Thừa Thiên Huế, Việt Nam"
View Cafe,https://maps.app.goo.gl/mAD7BqpD4PTGb2z79,https://thanhphohue.net/wp-content/uploads/2023/12/view_cafe_hue_03.jpg,"16.46629,107.5947368","4,4",164,"37 Bến Nghé, Phú Hội, Thành phố Huế, Thừa Thiên Huế 49000"
Nối Coffee & Milktea,https://maps.app.goo.gl/UWgXGhHKr6vccU3q6,https://www.cotrang.org/public/images/tin_dang/2/103_noi-cafe-11-ly-thuong-kiet-bk-1.jpg,"16.4617888,107.5914241",4,413,"11 Lý Thường Kiệt, Phú Nhuận, Thành phố Huế, Thừa Thiên Huế"
Hello Coffee,https://maps.app.goo.gl/PxWqrC8M2vfb2cA86,https://nhahanghue.com/wp-content/uploads/hello-coffee-hue-003.jpg,"16.4567598,107.5832903","4,1",256,"47 Trần Thúc Nhẫn, Vĩnh Ninh, Thành phố Huế, Thừa Thiên Huế"
GỐM café,https://maps.app.goo.gl/49Yt9MyBWjLg568G9,https://hues.vn/wp-content/uploads/2023/07/hues.vn-gom-cafe-50-nguyen-khuyen-7.jpg,"16.457852,107.5963011","4,3",80,"50 Nguyễn Khuyến, Phú Nhuận, Thành phố Huế, Thừa Thiên Huế"
Gác Trịnh Coffee,https://maps.app.goo.gl/UCdEoJZnR3wbrnqf9,https://media2.gody.vn/public/mytravelmap/images/2017/10/16/totallyspies.sam323108/ade333507ac498592afc2c0c644d272a.jpg,"16.4558904,107.5841433",4.5,220,"Số nhà 19 phòng 203 (Tầng 2, Nguyễn Trường Tộ, Vĩnh Ninh, Thành phố Huế, Thừa Thiên Huế 70010, Việt Nam"
DAUDO,https://maps.app.goo.gl/74jkLdc6qXuP98uK8,https://www.willflyforfood.net/wp-content/uploads/2023/03/hue-cafes-daudo2.jpg,"16.472669,107.595883","4,6",111,"5 kiệt 7 Nguyễn Công Trứ, Phú Hội, Thành phố Huế, Thừa Thiên Huế"
de.hiên,https://maps.app.goo.gl/gDLj2eo6fW3nuX957,https://tusachtiasang.org/wp-content/uploads/2023/08/cafe-tran-thuc-nhan-1.1-min.jpg,"16.4570227,107.5828303","4,2",56,"30 Trần Thúc Nhẫn, Vĩnh Ninh, Thành phố Huế, Thừa Thiên Huế 52000"
Diamond Coffee,https://maps.app.goo.gl/QTYWqeNNjaPH9JCf9,https://gcs.tripi.vn/public-tripi/tripi-feed/img/473813jhC/diamond-coffee-793230.jpg,"16.4652758,107.5954528","4,5",227,"27 Trần Quang Khải, Phú Hội, Thành phố Huế, Thừa Thiên Huế 49000"
Hoiana Coffee,https://maps.app.goo.gl/Rp6koXKgVEBSRYQ3A,https://cafesongao.com/wp-content/uploads/2021/10/cafe-hoiana-6.jpg,"16.4647999,107.5885151","4,5",54,"03 Trương Định, Vĩnh Ninh, Thành phố Huế, Thừa Thiên Huế 530000"
The Lab Coffee,https://maps.app.goo.gl/Ro3vt36cupBdM3b97,https://tusachtiasang.org/wp-content/uploads/2023/08/cafe-dua-o-hue-5.4-min.jpg,"16.4701357,107.5944771","4,4",34,"3, Lý Thường Kiệt/66 Lê Lợi, Phú Hội, Thành phố Huế"
La Porte Cafe & Tea,https://maps.app.goo.gl/h1Ffpgun5QPyDhs58,https://vietnam.com.co/wp-content/uploads/2024/04/La-Porte-Cafe-Tea.png,"16.4642811,107.5754181",4,96,"02 Nguyễn Trãi, Thuận Hoà, Thành phố Huế, Thừa Thiên Huế"
Vũ Café,https://maps.app.goo.gl/NzcnqUZMybQpvE8Z7,,"16.4930461,107.585845",4,56,"E25, Nguyễn Hàm Ninh, Phú Hiệp, Thành phố Huế, Thừa Thiên Huế"
Giang - Góc Sân & Khoảng Trời,https://maps.app.goo.gl/aQQBTs7vYR1WRB3UA,,"16.4619513,107.5920138","4,9",82,"15/15 Đống Đa, Phú Nhuận, Thành phố Huế, Thừa Thiên Huế 530000"
Deja Vu Coffee,https://maps.app.goo.gl/qtEtZTtJbrqfEWYo6,https://i.ytimg.com/vi/XpaGvEgwifU/maxresdefault.jpg,"16.4510146,107.5817189","4,3",77,"6B Sư Liễu Quán, Trường An, Thành phố Huế, Thừa Thiên Huế 530000"
Sline Coffee Signature,https://maps.app.goo.gl/dECBX5RhnGS6EY5S7,https://d3tosvr3yotk6r.cloudfront.net/Content/UserUploads/Images/Locations/4/2199/medium_261043916_267848678736686_5211855457696515325_n.jpg,"16.4643995,107.5898367","4,3",128,"7 Phạm Hồng Thái, Vĩnh Ninh, Thành phố Huế, Thừa Thiên Huế"
Trà Sữa Ô Long Lasimi - Huế,https://maps.app.goo.gl/GGo5RtmMx3eVcqMp9,https://toplist.vn/images/800px/tra-sua-o-long-lasimi-1160780.jpg,"16.4639457,107.5989653","4,4",48,"40 Đ. Nguyễn Lương Bằng, Phú Nhuận, Thành phố Huế, Thừa Thiên Huế 53000"
Gong Cha Huế,https://maps.app.goo.gl/P1WwzkcBNdLPuQJk6,https://gongcha.com.vn/wp-content/uploads/2018/06/Hinh-Web-OKINAWA-LATTE.png,"16.4591052,107.5984608","4,2",516,"121 Nguyễn Huệ, Phú Nhuận, Thành phố Huế, Thừa Thiên Huế 530000"
Mr GOOD TEA Huế,https://maps.app.goo.gl/TP9J3QhdeWUiD8Hm9,https://channel.mediacdn.vn//prupload/271/2016/10/img_201610181556461653.png,"16.4765361,107.5794318","4,1",137,"108 Nhật Lệ, Thuận Thành, Thành phố Huế, Thừa Thiên Huế"